GEO_ID,"Estimate!!Occupied housing units!!Occupied housing units!!HOUSEHOLD INCOME IN THE PAST 12 MONTHS (IN 2019 INFLATION-ADJUSTED DOLLARS)!!Less than $5,000","Estimate!!Occupied housing units!!Occupied housing units!!HOUSEHOLD INCOME IN THE PAST 12 MONTHS (IN 2019 INFLATION-ADJUSTED DOLLARS)!!$5,000 to $9,999","Estimate!!Occupied housing units!!Occupied housing units!!HOUSEHOLD INCOME IN THE PAST 12 MONTHS (IN 2019 INFLATION-ADJUSTED DOLLARS)!!$10,000 to $14,999","Estimate!!Occupied housing units!!Occupied housing units!!HOUSEHOLD INCOME IN THE PAST 12 MONTHS (IN 2019 INFLATION-ADJUSTED DOLLARS)!!$15,000 to $19,999","Estimate!!Occupied housing units!!Occupied housing units!!HOUSEHOLD INCOME IN THE PAST 12 MONTHS (IN 2019 INFLATION-ADJUSTED DOLLARS)!!$20,000 to $24,999","Estimate!!Occupied housing units!!Occupied housing units!!HOUSEHOLD INCOME IN THE PAST 12 MONTHS (IN 2019 INFLATION-ADJUSTED DOLLARS)!!$25,000 to $34,999","Estimate!!Occupied housing units!!Occupied housing units!!HOUSEHOLD INCOME IN THE PAST 12 MONTHS (IN 2019 INFLATION-ADJUSTED DOLLARS)!!$35,000 to $49,999","Estimate!!Occupied housing units!!Occupied housing units!!HOUSEHOLD INCOME IN THE PAST 12 MONTHS (IN 2019 INFLATION-ADJUSTED DOLLARS)!!$50,000 to $74,999","Estimate!!Occupied housing units!!Occupied housing units!!HOUSEHOLD INCOME IN THE PAST 12 MONTHS (IN 2019 INFLATION-ADJUSTED DOLLARS)!!$75,000 to $99,999","Estimate!!Occupied housing units!!Occupied housing units!!HOUSEHOLD INCOME IN THE PAST 12 MONTHS (IN 2019 INFLATION-ADJUSTED DOLLARS)!!$100,000 to $149,999","Estimate!!Occupied housing units!!Occupied housing units!!HOUSEHOLD INCOME IN THE PAST 12 MONTHS (IN 2019 INFLATION-ADJUSTED DOLLARS)!!$150,000 or more"
1400000US08031000102,26,47,42,67,71,112,55,177,181,318,507
1400000US08031000201,20,32,181,35,139,172,179,223,315,248,119
1400000US08031000202,104,145,87,20,67,186,135,284,248,303,194
1400000US08031000301,206,52,23,23,156,176,185,394,301,428,864
1400000US08031000302,23,0,51,63,19,57,198,299,360,405,593
1400000US08031000303,54,53,50,51,95,136,168,300,125,416,817
1400000US08031000401,21,45,98,60,35,95,148,170,96,363,274
1400000US08031000402,57,85,110,49,279,232,180,313,451,526,806
1400000US08031000501,34,0,11,17,12,31,41,126,122,158,413
1400000US08031000502,109,265,283,155,106,51,203,213,279,353,808
1400000US08031000600,89,74,55,96,129,39,257,319,236,350,415
1400000US08031000701,126,113,215,119,71,225,249,324,267,177,259
1400000US08031000702,139,117,195,150,47,249,161,419,128,241,224
1400000US08031000800,89,81,43,54,48,30,30,11,0,25,0
1400000US08031000902,10,0,57,95,120,221,307,471,293,171,173
1400000US08031000903,62,63,160,102,137,253,230,558,150,164,11
1400000US08031000904,110,160,229,143,141,266,215,322,87,153,125
1400000US08031000905,60,10,62,30,61,164,153,252,178,211,100
1400000US08031001000,58,72,58,151,59,73,282,265,161,204,30
1400000US08031001101,70,51,48,40,21,89,113,178,52,152,163
1400000US08031001102,79,14,64,49,106,101,223,312,317,395,689
1400000US08031001301,34,57,38,144,57,123,304,405,268,248,85
1400000US08031001302,15,39,68,86,95,155,268,294,91,181,103
1400000US08031001401,150,213,105,221,131,196,297,353,331,285,57
1400000US08031001402,80,72,82,50,58,154,296,284,175,207,120
1400000US08031001403,71,57,14,40,49,220,145,352,242,292,108
1400000US08031001500,84,39,20,75,108,139,149,343,195,40,28
1400000US08031001600,176,356,118,84,182,298,445,1208,787,1402,1302
1400000US08031001701,312,257,220,127,24,162,216,617,656,851,1504
1400000US08031001702,243,102,61,125,79,125,243,340,234,461,638
1400000US08031001800,86,148,199,110,90,138,145,270,179,255,165
1400000US08031001901,117,123,112,80,90,148,54,198,73,103,140
1400000US08031001902,0,0,0,0,0,0,8,8,7,4,11
1400000US08031002000,91,44,99,24,21,98,68,134,133,325,455
1400000US08031002100,51,173,158,63,44,196,251,578,360,599,643
1400000US08031002300,72,77,85,44,34,59,306,236,314,401,615
1400000US08031002402,34,28,55,50,21,23,110,118,71,170,198
1400000US08031002403,197,274,220,58,178,160,126,349,299,426,248
1400000US08031002601,177,163,188,150,121,152,251,657,200,343,298
1400000US08031002602,19,43,37,70,45,97,96,345,260,346,394
1400000US08031002701,234,135,155,262,305,382,563,655,425,303,169
1400000US08031002702,137,61,104,102,249,369,512,902,682,616,608
1400000US08031002703,241,92,132,205,243,475,435,805,403,341,264
1400000US08031002801,46,19,73,57,60,106,183,367,306,268,354
1400000US08031002802,8,127,69,156,44,97,566,609,343,282,340
1400000US08031002803,138,15,97,99,46,247,684,626,421,613,330
1400000US08031002901,40,8,40,31,67,156,206,276,236,290,488
1400000US08031002902,40,29,26,16,21,53,81,231,229,393,818
1400000US08031003001,119,18,35,0,63,83,242,318,359,516,966
1400000US08031003002,43,23,7,7,0,107,128,238,170,190,415
1400000US08031003003,25,38,49,4,26,134,91,219,108,239,194
1400000US08031003004,59,64,60,96,37,267,259,323,157,452,636
1400000US08031003101,9,33,12,37,27,95,56,140,76,105,196
1400000US08031003102,158,165,147,95,100,156,181,227,248,224,308
1400000US08031003201,55,150,44,87,39,392,516,592,513,472,587
1400000US08031003202,60,92,59,131,34,237,225,396,174,341,359
1400000US08031003203,35,0,0,8,27,17,39,97,108,226,727
1400000US08031003300,20,33,54,47,21,87,74,158,87,276,591
1400000US08031003401,8,0,20,9,51,39,100,184,194,258,528
1400000US08031003402,0,44,25,33,47,48,59,157,184,286,1072
1400000US08031003500,47,67,112,67,132,170,234,409,256,185,130
1400000US08031003601,82,17,136,116,84,176,164,170,226,327,255
1400000US08031003602,70,72,44,166,39,91,337,328,201,242,220
1400000US08031003603,76,53,20,25,25,51,176,231,201,238,400
1400000US08031003701,84,71,71,28,75,186,220,218,254,380,372
1400000US08031003702,163,137,121,14,172,90,469,679,286,323,285
1400000US08031003703,8,104,27,0,71,136,195,415,124,187,392
1400000US08031003800,159,59,145,109,90,243,313,433,287,720,1507
1400000US08031003901,42,34,27,90,75,42,95,210,233,355,994
1400000US08031003902,25,10,0,0,38,94,74,258,218,323,786
1400000US08031004002,9,6,0,35,36,58,129,148,145,225,550
1400000US08031004003,50,20,39,142,45,111,175,356,312,455,365
1400000US08031004004,18,10,24,30,21,73,78,142,110,147,238
1400000US08031004005,121,51,73,31,0,122,249,398,251,131,244
1400000US08031004006,53,149,98,27,76,249,157,128,95,223,763
1400000US08031004101,175,98,125,102,91,273,244,404,315,134,112
1400000US08031004102,100,23,55,83,51,109,269,338,203,188,153
1400000US08031004103,16,13,34,13,46,116,148,264,214,519,858
1400000US08031004104,29,12,40,22,35,128,137,276,298,327,626
1400000US08031004106,26,65,50,14,0,131,153,241,307,929,1947
1400000US08031004107,50,97,61,147,67,173,379,625,556,1019,1984
1400000US08031004201,41,34,23,35,18,132,103,184,215,390,780
1400000US08031004202,7,11,9,22,52,40,51,219,142,455,639
1400000US08031004301,230,45,198,115,169,401,374,445,289,417,307
1400000US08031004302,0,10,41,35,15,108,45,193,140,303,342
1400000US08031004303,30,0,20,0,37,30,66,145,99,158,997
1400000US08031004304,39,0,0,78,45,191,135,563,415,657,700
1400000US08031004306,43,0,41,82,59,104,254,291,164,457,814
1400000US08031004403,0,61,43,68,52,185,310,511,317,275,134
1400000US08031004404,116,126,280,63,72,287,378,433,354,208,169
1400000US08031004405,111,62,86,76,166,345,487,372,472,526,1296
1400000US08031004503,57,65,97,52,149,152,320,232,149,18,81
1400000US08031004504,26,36,76,134,60,105,136,309,192,141,50
1400000US08031004505,67,44,122,75,180,198,116,206,135,175,34
1400000US08031004506,115,85,110,92,22,171,192,120,106,117,9
1400000US08031004601,22,113,32,71,133,159,290,519,299,273,130
1400000US08031004602,124,109,125,123,119,299,286,574,304,233,125
1400000US08031004603,43,91,26,58,139,178,363,532,267,293,132
1400000US08031004700,47,22,84,201,51,130,230,559,428,257,315
1400000US08031004801,24,0,7,62,7,91,160,151,272,254,126
1400000US08031005001,17,20,0,89,14,73,72,276,145,202,159
1400000US08031005002,104,103,175,145,353,187,849,420,278,493,350
1400000US08031005102,0,17,59,67,55,108,118,213,261,379,236
1400000US08031005104,48,96,117,90,115,207,268,331,150,204,60
1400000US08031005200,8,9,36,30,41,50,163,174,153,268,419
1400000US08031005300,13,7,84,40,32,98,130,87,94,83,102
1400000US08031005502,21,7,0,20,23,27,101,74,138,120,60
1400000US08031005503,51,88,34,76,54,145,109,242,327,379,309
1400000US08031006701,86,44,24,35,56,148,236,480,459,636,255
1400000US08031006804,17,9,37,40,8,143,84,331,257,381,372
1400000US08031006809,50,37,120,158,70,212,532,721,302,707,768
1400000US08031006810,57,30,29,115,103,226,500,461,465,384,280
1400000US08031006811,77,126,147,138,82,182,403,589,512,313,541
1400000US08031006812,56,44,96,107,101,119,119,503,289,413,352
1400000US08031006813,70,103,52,27,137,408,421,585,168,388,57
1400000US08031006814,16,88,72,161,104,380,169,323,287,250,246
1400000US08031006901,137,157,58,64,161,303,380,595,214,372,288
1400000US08031007006,39,0,99,146,107,453,456,763,195,136,106
1400000US08031007013,24,14,46,46,48,73,134,670,418,273,255
1400000US08031007037,137,46,74,172,108,194,385,288,180,188,129
1400000US08031007088,14,71,45,166,173,131,367,473,511,422,142
1400000US08031007089,101,130,271,256,285,994,519,586,350,137,106
1400000US08031008304,95,33,0,49,18,79,149,211,159,137,79
1400000US08031008305,16,32,27,65,75,106,87,220,148,194,82
1400000US08031008306,60,0,121,62,44,291,390,326,275,252,100
1400000US08031008312,125,9,102,115,23,236,274,592,373,432,72
1400000US08031008386,0,0,30,34,147,128,150,172,211,361,55
1400000US08031008387,15,23,83,21,45,128,236,291,372,305,232
1400000US08031008388,38,19,36,57,49,439,514,1101,509,741,231
1400000US08031008389,26,115,38,38,0,84,451,659,788,939,541
1400000US08031008390,90,0,127,52,64,182,419,658,617,551,163
1400000US08031008391,27,0,28,0,46,182,359,481,411,614,221
1400000US08031011902,77,40,25,197,17,312,645,379,356,582,190
1400000US08031011903,10,0,24,41,28,113,114,145,82,217,167
1400000US08031012001,6,26,56,32,44,28,124,84,110,189,212
1400000US08031012010,37,15,16,30,66,228,237,706,494,257,486
1400000US08031012014,52,126,74,32,231,194,399,665,551,613,262
1400000US08031015300,31,68,109,27,147,188,468,543,248,163,258
1400000US08031015400,0,125,87,97,19,54,216,295,256,227,273
1400000US08031015500,33,8,69,75,79,338,256,412,377,108,74
1400000US08031015600,81,176,175,66,75,262,252,507,383,297,75
1400000US08031015700,105,168,212,145,73,113,270,485,147,409,178
1400000US08031980000,0,6,24,45,35,58,125,162,114,83,26
1400000US08031980100,0,0,0,0,0,0,0,0,0,0,0
